ObjectNumber,Area,Compactness,Eccentricity,EulerNumber,Intensity_MEAN,Intensity_MEDIAN,Location_X,Location_Y,FirstClosestDistance,NumberOfNeighbors,PercentTouching,SecondClosestDistance,C19H24N2O2,C45H86O13P,C48H81NO10P,C10H14N5O7P
1152,3737,8.026198538643166,0.9777066036977038,1.0,0.01394383070413756,0.0117952236905694,692.2146106502537,29.086432967620794,47.877940376510274,5.0,20.110957004160884,68.89622860905256,3738.9830694827283,2085.965698542645,5962.75174391279,273.71788612749674
1161,3508,4.1076628232427455,0.9833387852229114,1.0,0.017672118007793742,0.016342412680387497,1770.79732041049,23.872576966932684,90.96114643143812,3.0,17.764471057884236,98.87656940110922,3438.297287237449,4556.549575221995,8722.41165044399,206.3685844713221
1163,2168,7.3385907318231665,0.9887496787526044,1.0,0.01351391918019897,0.012588692829012873,490.6674354243546,19.185424354243423,41.9561061833506,2.0,1.2396694214876034,63.39608928103266,3956.3518774281374,2168.2483087622604,5018.084625841224,133.11283979415893
1169,1669,1.5163380214328268,0.8288076076923074,1.0,0.0260663134274126,0.015251392498612404,1048.985020970641,7.748352306770585,36.339416104536966,1.0,21.05263157894737,59.80708756899935,3657.6560308080516,1702.9937512474341,4536.069540873063,286.16495903739093
1182,3279,2.2379787140757488,0.8166976754538365,1.0,0.044369494323637175,0.029686426743865013,553.3263189996951,37.93626105519979,12.725922473401912,3.0,52.908067542213885,23.99270097634961,5516.7737182617175,3137.6467529296874,14601.019848632815,262.8913387298584
1183,2584,1.7828025764725959,0.9259607017732842,1.0,0.01815227781629317,0.016937514767050743,427.5421826625384,13.331656346749241,63.39608928103266,2.0,11.0062893081761,86.19836772764393,5376.3245124816885,4839.7076358795175,9460.444942474363,572.7040833234788
1187,1991,3.2284310766368494,0.9674636129159104,1.0,0.014494315863295543,0.013611047528684141,623.5926670015065,35.22802611752877,51.125219676747065,1.0,11.614730878186968,65.47378432246424,2566.251326424735,4193.676894051689,10644.06638445173,157.93315127917697
1190,4879,3.0010308494014883,0.9748065955429146,1.0,0.013612573856625688,0.012222476303577423,867.4748923959828,12.067636810821796,77.98965358518686,4.0,34.857142857142854,79.79489451856901,3578.593634670044,2553.6644465499608,7705.726115788032,157.977688565288
1191,3265,1.69667671741855,0.9337161166967431,1.0,0.0184315152124004,0.0156710147857666,1421.149464012251,25.09372128637051,67.88855122341008,2.0,16.470588235294116,84.27244990497064,3280.023489379883,2299.966195678711,7350.607000732421,0.0
1195,7133,1.6518943832219508,0.7209660373582816,1.0,0.03047500288937297,0.013122758828103542,1292.8251787466706,20.523342212252828,99.03119651767209,1.0,4.166666666666667,109.40118948788107,4090.4069593095974,5545.929905613542,7901.938423440388,303.09541089904724
1198,1961,2.546746381876139,0.9719601557660772,1.0,0.02299852863031077,0.02101930230855941,1653.0627231004592,61.374298827128996,20.375685500931823,3.0,70.85889570552149,53.87000366049558,2508.800771161545,2864.126298384233,5880.168878728693,194.48486971264043
1199,4217,3.753360832520472,0.983964978337006,1.0,0.015172425155961415,0.013252460397779942,1663.0571496324396,79.13042447237376,20.375685500931823,4.0,75.91522157996147,34.32690446453909,2636.7133907742723,2698.605136928396,6856.926562784871,179.30549745807494
1202,1372,1.0766542695950978,0.6103708224897526,1.0,0.059406163943076164,0.031403068453073515,27.027696793002633,52.127551020408646,50.54581437527271,0.0,0.0,96.42331051650952,3583.315035635965,5871.57188870614,14640.277206688595,0.0
1204,6452,1.241681572988422,0.7115596075021045,1.0,0.014718942031823216,0.01336690317839384,220.879417234966,55.22675139491639,49.91258751983627,4.0,46.49681528662421,75.60046252190432,2507.734074370076,1406.871625753166,4477.6906493956685,283.735896513115
1206,2995,1.6444230795649362,0.9341066627079296,1.0,0.014647616682658113,0.01347371656447649,804.2744574290477,57.763272120200554,77.31557506253927,3.0,34.421364985163194,77.98965358518686,3095.0833164172222,2584.6235365278258,6509.951590205846,157.5388739082251
1209,1067,1.8670303965018265,0.9536587842326064,1.0,0.02811591349491516,0.02361333649605513,1023.1096532333645,61.668228678537616,59.80708756899935,1.0,11.827956989247312,65.10263931517314,4559.715847439235,6775.439453125,20072.45692274305,248.5650504783348
1218,2659,1.2495209841356174,0.8485320264178537,1.0,0.02033993199603557,0.016609445214271545,1375.3749529898469,75.22903347122951,58.83009249939617,2.0,21.09090909090909,67.88855122341008,3819.578434024845,4533.799955350859,11443.283383481135,0.0
1223,3334,1.268412232888614,0.8317709468397922,1.0,0.021199358314338317,0.018829632550477985,911.6334733053391,78.52999400119961,34.65979058958826,4.0,55.769230769230774,54.34518891268696,2095.010899123115,2599.54660297762,8453.422370559987,344.85972371165025
1227,2458,2.054048402456679,0.9051357651786164,1.0,0.017980727434546314,0.016174564138054848,399.8075671277454,94.94629780309197,79.1900838016018,2.0,7.183908045977013,83.21240368059499,3304.183880262139,1637.6913931350077,3445.5911411253874,171.3766104958274
1229,3776,2.3261309815470086,0.9516084231723924,1.0,0.014298265328545959,0.01304646395146847,240.88612288135596,100.95418432203337,49.91258751983627,2.0,40.13761467889909,82.5706627295487,3116.586465896229,1505.86748922503,4056.304312230841,97.73520158963152
1230,3724,3.4762076046316768,0.9735660827278008,1.0,0.019004173553698805,0.01440451666712761,605.311761546724,82.97314715359857,51.125219676747065,6.0,43.595041322314046,53.4962381090932,3175.2564673030915,3308.546314666805,10644.253845003625,0.0
1231,2030,1.5265211347401229,0.9218645994423988,1.0,0.018982937449378328,0.01840238086879253,1980.939408866995,95.16748768472962,31.307655323712016,2.0,74.15730337078654,76.67568267717253,2519.6269531249995,2390.2000732421875,5448.84326171875,411.8868255615234
1232,3979,1.57937647828255,0.8096799099400086,1.0,0.012598709907353704,0.011581597849726677,1571.3156572003008,93.13722040713742,56.64817403806883,2.0,18.07780320366133,87.70100324729721,2371.6258027397103,2048.3758995737376,5573.3759928991585,290.50841207642213
1238,1236,1.602436549165259,0.9192615978799814,1.0,0.02786598639701369,0.02630655467510224,921.4894822006468,111.75889967637545,34.65979058958826,4.0,75.0,38.05309481208412,1913.8849379595588,3399.757989253394,9432.850254524888,287.0555767905118
1239,3579,3.6192635670512656,0.9855396949287154,1.0,0.013071516094680906,0.012443732470273972,1433.6879016485054,119.72729812796865,31.514951217633637,3.0,17.350746268656714,63.62627954569566,3371.039626030087,3842.931830996824,10475.008787235887,127.03573411510835
1242,2590,1.4751060871729522,0.7792820548973056,1.0,0.01522740813576289,0.013992522843182087,104.65945945945964,109.31814671814641,51.953754591095574,0.0,0.0,96.42331051650952,5287.392976938568,3880.3869712308333,11387.190705672556,0.0
1249,5280,1.3019019915616261,0.8160563733010608,1.0,0.013965840140449336,0.012726024724543095,853.2303030303028,117.6049242424242,68.50906176730217,5.0,26.289926289926292,70.26934233028959,2912.7567024117548,1559.8594709685162,6194.048331070129,317.1514482879955
1250,2467,1.476420964478414,0.9078124607164209,1.0,0.02201640595016412,0.01886778138577938,1668.227807053101,113.06566680178344,34.32690446453909,4.0,62.337662337662344,53.87000366049558,2025.6409912109373,2862.2333984375,7242.557617187499,242.77713012695312
1255,3286,1.946401316332406,0.9567746016702524,1.0,0.016493869732415758,0.01449607126414776,1337.6101643335364,120.33779671332923,58.83009249939617,2.0,13.897280966767372,67.42489556982784,4539.596950315885,3083.148681786141,7883.9033589770215,467.21038335974436
1256,2868,2.448870921217044,0.9403008577343516,1.0,0.020372938473853103,0.01750209741294384,1724.6209902370988,111.30439330543936,56.420680552018325,3.0,25.26595744680851,69.46416875243636,2877.2031722885,2954.2335688960447,9235.082123627531,146.0913737529033
1258,2773,4.611683300515481,0.9648812012504344,1.0,0.014041090127869265,0.01347371656447649,54.93184276956367,94.27298954201274,50.54581437527271,1.0,1.3752455795677798,51.953754591095574,4614.332942761104,4636.01361387904,13317.875150597285,518.0025624984069
1260,3180,1.0277697897739202,0.4995299641239338,1.0,0.015131589995240266,0.014053558930754663,1897.651572327044,122.23773584905666,87.57660675764895,0.0,0.0,100.19259032399296,1733.0867880544354,0.0,1592.8669047694052,106.58575242565523
1261,2290,1.1687780225477895,0.7940440240341635,1.0,0.015187771021343737,0.01333638560026884,1460.5633187772924,136.1864628820956,31.514951217633637,3.0,65.18218623481782,56.39866535997333,1437.0555419921875,1576.813720703125,4536.41162109375,57.46955490112305
1266,2815,3.2104196375730467,0.9676926902838481,1.0,0.014499431690383128,0.013748378492891787,588.0653641207814,133.6131438721136,49.37497161881818,3.0,24.146341463414632,53.4962381090932,1935.4189453125,1142.9178466796875,3470.438232421875,247.07583618164062
1275,1390,1.6767864792166782,0.9337982180331941,1.0,0.0142559663499806,0.01336690317839384,523.2892086330933,175.04172661870507,69.04047185987592,2.0,21.428571428571427,76.89133753652811,4397.657689841397,890.3310552390225,3469.363660697477,0.0
1276,1723,1.6114906786607075,0.9320312782791882,1.0,0.014223781929449225,0.012466620653867722,1429.4260011607666,183.2106790481721,56.39866535997333,2.0,21.73913043478261,63.62627954569566,2054.8230912764,1718.7857619065505,4283.732782720209,0.0
1277,4653,2.3209805662760883,0.8852578549737274,1.0,0.01593983084511419,0.015014877542853355,607.1289490651197,179.15946701053076,49.37497161881818,4.0,36.137667304015295,70.0281138808664,1807.4069012235784,892.2269688808466,2330.57314698578,71.50869231062538
1278,3534,2.084098520645695,0.9605410318667572,1.0,0.015857431274929928,0.014358739368617538,1325.9496321448792,186.74674589700066,39.86218370478573,3.0,30.867346938775512,67.42489556982784,2781.2145716075843,2097.327385577677,6566.811124411962,586.3995225694442
1282,1944,4.563023315397402,0.9816724496556601,1.0,0.012158834592701768,0.011596856638789177,379.4171810699588,189.90020576131678,90.12815886962365,0.0,0.0,91.94182465740131,6136.457693699427,1464.5819822038925,5883.492460523333,277.99817429270064
1285,4153,1.1606814144937299,0.7040954044508833,1.0,0.025591261030075897,0.019966430962085724,1530.047676378521,211.00144473874298,51.57760149989623,2.0,24.85380116959065,73.60702864185204,1784.979191912352,2199.7303065836,6097.504679658988,185.80761573958569
1286,3264,1.7717035652878046,0.9433388476567208,1.0,0.013315034776585927,0.012787060812115673,1621.678921568628,197.70526960784332,68.14742983884798,2.0,22.81167108753316,80.02291442909852,4137.839491070141,2698.4073588719343,7793.8093674825295,592.1835266071281
1288,4203,2.7485019134736346,0.8301668538855789,1.0,0.01688773654852893,0.015060654841363432,1792.5224839400425,206.0302165120154,82.70795080556486,4.0,21.71945701357466,96.37924055668013,4333.597140457912,2540.9801934225065,6046.63863316381,359.83867255031646
1291,3511,1.426433577484734,0.8867451913639482,1.0,0.015425628280610363,0.01425192691385746,1686.9501566505269,217.2945029906009,44.651544165674636,3.0,36.43617021276596,68.14742983884798,2333.078992285583,3264.134468178561,7146.3847805506275,183.5043178375111
1295,2071,2.188721105240905,0.9610048761646448,1.0,0.014209384018602953,0.01268024742603302,187.80492515692958,217.22066634476096,97.06755456209947,1.0,15.806451612903226,117.46915705171148,3145.1318359375,477.7722473144531,2090.964599609375,100.13541412353516
1298,1778,2.074498977170101,0.9637023806632647,1.0,0.013993673191036029,0.013427939265966415,868.4932508436445,233.21541057367858,110.97321397022492,1.0,2.834008097165992,116.61364468063715,4958.445741803458,1080.382845417837,4174.076533971208,194.77492810367198
1304,4280,1.6578994932883069,0.8358686933631102,1.0,0.015222161484960571,0.01350423414260149,1874.1056074766357,219.62429906542047,82.70795080556486,3.0,48.15668202764977,89.47778583871354,3324.045704808729,2340.498093177533,7571.502163591056,272.73221982758616
1307,3648,1.1837975720579716,0.7797359201547565,1.0,0.019503489608484272,0.0156252384185791,1146.3596491228068,230.9857456140353,69.45940277090767,2.0,38.48580441640378,80.90565605652344,3544.244704331809,2969.738031154725,7253.396079458842,146.85512462088732
1311,3824,3.437923433583821,0.977928884279761,1.0,0.01441502730714286,0.013656824827194214,1973.907426778243,225.99973849372395,71.20523398750676,3.0,32.79352226720648,91.47840107917592,3104.9494654971086,1526.5714732540036,5990.794046096529,313.1322891941274
1312,3744,2.2474997139600856,0.9543096206591121,1.0,0.016632790451756932,0.015213244594633581,25.63247863247875,238.80662393162424,40.42949741427103,2.0,22.144522144522142,65.14037409771535,3373.837313049533,2181.110363960841,7002.052852022297,277.41053792871605
1314,3059,5.27937143378047,0.9902827008058794,1.0,0.01732474640203593,0.01428244449198246,1466.3540372670814,247.8947368421052,73.60702864185204,1.0,5.222437137330753,74.48293216138978,4840.603697426712,2291.8934579921674,6092.3577533190755,335.58585549004465
1315,3434,2.0472738178938403,0.9487012841305552,1.0,0.01713429537591463,0.01461814343929291,1299.5768782760633,216.63774024461236,39.86218370478573,2.0,30.334190231362467,81.90033623894281,2553.7421875000005,2185.391357421875,6158.6982421875,292.76626586914057
1317,3139,2.768664977897334,0.9782132818361402,1.0,0.013547649051354412,0.012634470127522944,1695.8614208346612,261.04778591908257,44.651544165674636,2.0,22.92682926829268,97.54648927559948,3588.8920979817713,3365.018486799273,7708.047736345257,369.8086322985197
1318,1711,3.1148004103131437,0.983161917708713,1.0,0.011313383190983538,0.011184862814843656,647.8480420806545,245.7767387492695,78.07627955993274,3.0,18.658892128279888,85.55746062764446,2163.346481815461,735.0968647618448,2381.595735611454,130.096132216915
1322,3610,1.3213799014187446,0.5428717039340966,1.0,0.014943916867603225,0.013855191878974438,1562.2479224376725,251.2927977839331,51.57760149989623,4.0,43.25,80.02291442909852,1784.9791919123518,2199.7303065836,6097.504679658987,185.80761573958569
1329,2456,2.6645708335207043,0.9668430803229586,1.0,0.012652233092065791,0.012237736023962498,1368.9637622149835,260.1478013029316,81.90033623894281,3.0,12.568306010928962,85.07602670783629,4539.994152181952,2459.3429330679082,9497.798865685096,971.3346846541003
1331,2769,1.642295451021704,0.9356566313870875,1.0,0.013435147325994306,0.012726024724543095,731.1292885518242,265.38064283134736,51.29418558446064,2.0,20.0,85.55746062764446,4257.121125252016,978.27248554845,3300.1325654060606,282.70052497617667
1334,3327,2.927615555874167,0.964392436588788,1.0,0.014974214454179532,0.014236667193472384,1180.687706642621,304.247670574091,80.90565605652344,2.0,21.728395061728396,105.17639924236866,4517.240815747829,2490.057012562771,7114.961961448644,151.94853485924318
1337,5780,3.289712135290612,0.9820987129584772,1.0,0.015332460666404053,0.01335164438933134,1827.3323529411769,295.9036332179928,76.42218354175456,4.0,34.35374149659864,89.47778583871354,2917.6206337080935,1384.7694514303632,3604.4515947210243,67.58582985475475
1341,1735,1.1191695980381169,0.7479748654104986,1.0,0.02965767254398046,0.025581751018762592,247.3158501440921,293.9054755043228,38.910682416977856,1.0,33.97129186602871,83.53998592249974,3708.984781740211,2372.3205709550243,6804.407766552289,405.0931032382163
1343,1498,1.1907670648468482,0.5404603103553016,1.0,0.018973554845449225,0.015304799191653728,1993.4479305740992,294.4712950600799,71.20523398750676,0.0,0.0,96.80394874400578,5580.347768062304,3813.0645654502036,10413.243459493173,562.838147139349
1350,3526,2.9936603190950875,0.9524189993236882,1.0,0.015285009082979391,0.014785991981625557,1899.9739081111743,319.64293817356815,66.53890386751065,1.0,26.90582959641256,76.42218354175456,7444.6725795432885,3402.029029524776,11943.506485966516,792.1048312810997
1354,921,1.1509231433741007,0.7379882308319169,1.0,0.01930735149723149,0.016372930258512497,26.6406080347449,303.9391965255161,37.488567998879056,2.0,67.11409395973153,51.66755720046567,2814.2625593354437,2244.019877373418,9182.329509493671,327.6370401503165
1355,6740,2.3085251623151937,0.9669581341214776,1.0,0.0193397259341072,0.017074845731258392,1602.331008902077,338.9577151335309,57.65775611657414,4.0,32.770270270270274,96.39393940712587,2606.3632911859563,2116.870277582213,6565.314541129179,82.60205654765285
1357,3420,3.0655210123834613,0.9413362768506764,1.0,0.014310455180388709,0.013153277337551115,1321.68567251462,337.4880116959064,90.64615771970276,2.0,6.25,122.85595993900438,3462.380832952737,1254.2191548002775,5928.305588489224,284.84256341214746
1363,2475,1.2737101030892972,0.7943419385565558,1.0,0.017055739453344633,0.015457388944923878,26.868686868686837,341.4270707070707,37.488567998879056,3.0,57.400722021660656,57.98597637889293,3267.8014646060083,2104.497075485638,8345.811465458839,319.10314429112253
1364,3766,3.802151604451412,0.9841758970513188,1.0,0.01638553569954437,0.014740215614438057,96.77827934147649,296.16728624535335,70.56695774747546,0.0,0.0,83.2814457681459,2593.5898483855813,757.3578209213063,1956.2495634827435,0.0
1369,3420,1.9194142550920728,0.9509174968890876,1.0,0.017848366483152786,0.015243763104081154,339.24269005847987,356.4535087719296,79.43903051672717,2.0,24.731182795698924,82.68060151638491,2003.592041015625,1862.7918701171875,5966.68603515625,411.3923645019531
1377,2484,3.4366623710518263,0.9860783374945004,1.0,0.01412860122239352,0.013183794915676115,487.960144927536,336.52616747182014,49.82138753451602,1.0,2.8011204481792715,63.01762578428518,4826.365031580772,1286.9664348479241,6826.423542637978,0.0
1383,3484,4.20215232478257,0.9604891415515608,1.0,0.014285698764953213,0.01338216196745634,1509.915327210104,383.3318025258325,47.581328555921885,3.0,27.201565557729946,86.17978050338733,3578.7530172457728,1488.8208517762528,4484.1677977065465,291.586851895909
1384,2411,1.1909398084250136,0.7485426437317658,1.0,0.02849004963066773,0.026680400595068928,621.4823724595603,354.1563666528409,47.74455086554363,2.0,28.346456692913385,49.0732598280598,3640.004983498232,5830.2434438440905,12156.438918510494,0.0
1390,2770,3.6206461184481413,0.9584166461556548,1.0,0.015492308771721884,0.013687342405319214,1556.5826714801442,374.0505415162447,47.581328555921885,3.0,30.337078651685392,57.65775611657414,1853.5302734375,1057.6889038085938,3381.9103393554688,287.68017578125
1396,1810,2.3110729445716336,0.9612885079543898,1.0,0.021707493114125655,0.0156557559967041,30.751933701657435,399.28287292817686,57.98597637889293,2.0,27.60942760942761,88.0951393094257,3906.532714843752,1908.0032958984373,7167.72021484375,307.0846252441406
1397,2061,10.635160885672905,0.9968244842520276,1.0,0.011998003936150824,0.011490043252706528,1892.6521106259088,385.7777777777767,66.53890386751065,0.0,0.0,111.10370202808441,5008.3789028114,879.441289337588,2736.226901202135,123.76135044366544
1402,1793,1.0787978542309549,0.6079263152938732,1.0,0.03458593914059873,0.03644617274403572,599.4344673731175,396.50529838259877,39.77272877407092,3.0,62.31884057971015,40.48692479504109,3541.9656050688704,4177.708956610833,9909.688755792831,278.1442191496792
1405,2762,11.214790810177774,0.9910591084854437,1.0,0.011491656796716742,0.011306934989988804,172.1926140477915,333.6477190441708,84.21463484444273,1.0,7.3732718894009235,84.9879198660675,3145.1318359375,477.77224731445307,2090.964599609375,100.13541412353516
1416,3817,3.2395879937420387,0.8594751093713533,1.0,0.01618080764078336,0.013450827915221451,1645.903589206183,440.45402148284006,110.45392685147272,1.0,9.914529914529913,111.29981354474806,5455.14306640625,1884.2332214355465,8594.29013671875,144.70888977050782
1417,1055,3.4869179335318,0.9507794429400652,1.0,0.01079078987991146,0.01033035758882761,744.3118483412318,416.57251184834126,83.84050261433742,1.0,4.924242424242424,97.76893053987251,7799.072737984035,632.2553799394249,2657.018258357393,190.3951022383096
1426,1715,2.2052451309218606,0.9304843763358256,1.0,0.0121390903257268,0.011612115427851677,1412.445481049563,440.29795918367336,101.42048828900069,2.0,10.738255033557047,109.82295621077215,8173.897330216537,2637.1441775344488,7420.0391855314965,301.9923143762304
1427,2258,3.655841943523547,0.9349565426122308,1.0,0.015102586627503125,0.012344548478722572,1150.5952170062,427.25553587245327,86.73690121829878,1.0,5.825242718446603,112.90649980778223,4762.19144520861,696.9831039753366,1787.9173272315493,0.0
1429,5002,1.8086334123632868,0.6063352798428767,1.0,0.012299494744214814,0.011490043252706528,526.6155537784887,454.5897640943624,76.41610752298574,2.0,3.5294117647058822,93.14719176724016,2410.8977563105427,2018.009308863117,6133.7010752191945,440.20985123742963
1442,1491,3.6438136790032254,0.9810927947042964,1.0,0.012614339798386569,0.012207217514514923,419.91616364855804,444.07780013413844,71.71353704179698,1.0,5.882352941176473,74.01943615930483,6803.080047447646,2048.7605325589006,5741.846490510471,0.0
1445,2895,2.589406200649909,0.9575678969049274,1.0,0.014083502800501432,0.012863355688750744,274.61278065630404,496.28048359240074,46.59653377404899,1.0,12.268518518518519,120.70764952714286,5391.463032774819,984.9032428122017,2892.1607959563758,131.15723992425043
1446,3300,1.6458700549151593,0.7388399711297141,1.0,0.011199354612353172,0.009994659572839735,842.6854545454544,474.4833333333329,99.75438216975829,0.0,0.0,114.15353539286457,7442.778523326609,1471.1538009555645,4890.193631015344,313.19429816564843
1452,1201,4.306144548069169,0.9665042654509141,1.0,0.01434221016716128,0.011604486033320429,438.87593671940067,515.6278101582016,59.091497988364885,1.0,5.246913580246914,74.01943615930483,5488.468502321105,3016.946651735168,8889.371058367302,202.04488649230075
1464,3231,1.7954782501012376,0.9228129258258441,1.0,0.018406541204049432,0.018524453043937683,1269.9387186629529,531.3011451562986,73.20906057961683,3.0,29.201101928374648,74.68162373700106,2036.741455078125,1473.711181640625,4444.6162109375,292.0906066894531
1469,2488,1.5204007181447103,0.9248249901303319,1.0,0.016161824988315057,0.01467917952686548,1109.7704983922831,532.522909967845,51.475827267209866,2.0,38.57142857142857,74.78840762077459,3521.0219396642738,2745.552248568149,8922.316709776183,404.610219457128
1471,3305,1.5079465437932258,0.8832188355551451,1.0,0.011908076167298248,0.01110856793820858,1153.260816944024,560.0611195158849,51.475827267209866,2.0,24.675324675324674,79.49924653641136,3963.8837099514412,1605.2334246178837,7878.553411661246,287.3827709902032
1478,5947,2.895852055884536,0.9649767498724766,1.0,0.020433380191856608,0.017624169588088986,1010.5266520934924,578.4313099041533,79.41447886623634,2.0,11.147011308562195,80.35839268964929,1017.8700810821964,657.9203551386444,1822.702313490317,75.18214352030151
1484,2678,2.1441639669085117,0.963253100574366,1.0,0.011336815220048571,0.010696574114263058,803.6519790888724,566.2837938760267,79.98749443150679,1.0,6.876790830945557,95.7737603682395,5135.679367892884,1812.209077690715,6803.271204180055,302.8124437030591
1485,2609,1.5120004549542967,0.9140882504250428,1.0,0.024468505539816773,0.018623637035489082,447.45036412418494,574.0939057110004,44.99813797336852,2.0,52.6984126984127,59.091497988364885,2445.737058313881,2578.379423560166,7786.907783322215,352.461725746713
1489,3429,1.0681843811138727,0.6631805279379811,1.0,0.08817335259990662,0.057740140706300735,1454.9693788276463,575.2814231554394,64.53454435782342,0.0,0.0,83.22311727247147,2511.933332632709,9401.756001655627,8525.235944937396,0.0
1491,5871,1.7931497986287812,0.9043821691026556,1.0,0.01222435837404384,0.011245898902416228,898.5332992675862,579.3278828138309,95.7737603682395,3.0,16.946308724832214,99.1929983575758,3983.130372167615,1827.8154813968,6978.598683793935,455.5318662485381
1497,5616,1.9019263844459184,0.9272615209872596,1.0,0.014330623561298831,0.01350423414260149,602.931445868946,548.0357905982905,90.71700743437893,3.0,16.90391459074733,112.77790624305374,2446.702623121061,2036.389790600924,5429.5082817688735,140.66505132792096
1498,3599,5.863062299957115,0.9751583368311988,1.0,0.013735167633262848,0.012649728916585444,1864.1389274798557,565.9352597943875,70.99504133941558,4.0,16.36904761904762,103.49832171188477,3088.8459434408264,1016.284038547068,3503.4956326194288,194.7906653226632
1501,2105,1.4257998144084232,0.7473168803162614,1.0,0.021447320167205325,0.01851682364940644,1086.809026128265,603.6992874109264,66.51828580475816,2.0,17.375886524822697,74.78840762077459,2972.881286318921,2147.842992195452,7502.291080469292,250.15432390549546
1515,1811,1.4784232837221882,0.8395695888948501,1.0,0.01549448781970257,0.012985427863895891,650.8503589177244,625.064053009387,53.60189899738081,4.0,72.53521126760563,61.8668461858453,3288.7444617764263,2304.4933555654234,6243.286944088521,231.0930055963913
1519,5271,3.7068876753475286,0.9301533858507132,1.0,0.014089595008142513,0.012237736023962498,1966.6492126731173,551.6683741225575,88.07418764980589,4.0,18.60776439089692,103.49832171188477,4528.348153317139,3694.97798784076,13608.623986673008,225.31714142423118
1522,3984,4.561908175986336,0.9891028348334364,1.0,0.017062574059068483,0.015259021893143654,1832.8644578313251,675.6746987951806,44.35866774981162,3.0,22.597864768683273,57.262226291379996,2110.5177176339284,1182.257152909992,3114.9303029805683,99.32484823916138
1524,3135,3.3076212422467672,0.9534043350476714,1.0,0.015031217220439866,0.013801785185933113,423.94545454545437,633.8835725677827,64.24394942054373,2.0,18.39323467230444,87.75052130365162,9911.184587445174,6256.389040227522,19735.03169544956,1231.524429053591
1530,1727,1.4241437565676311,0.8948823765096671,1.0,0.014648652307637419,0.013611047528684141,336.90272148233953,645.0063694267515,87.75052130365162,0.0,0.0,121.35858120512569,9533.894989013672,4353.25691986084,14183.707305908203,752.8524713516235
1531,2201,8.213576074197249,0.9880786998295714,1.0,0.011597057806580977,0.011306934989988804,1508.5224897773737,611.2921399363927,64.53454435782342,3.0,14.23290203327172,80.22693523345566,4669.622941701426,6144.898588536149,7075.2118230270125,190.7150742159052
1534,2221,1.9254496787167188,0.9247205801224212,1.0,0.014954734721943528,0.013511864002794027,1707.0130571814498,628.7145429986494,48.187394867206834,3.0,29.677419354838708,74.22756154301669,3475.475550075035,3120.8988375044137,8726.833896098164,223.25696352511486
1535,2691,2.0233351984346646,0.9224448344772196,1.0,0.013298217855069948,0.012252994813024998,5.821627647714649,639.6744704570788,110.01333313251648,2.0,5.420054200542006,116.65886873567915,3529.4013671875,1802.10400390625,5889.16845703125,276.9754638671875
1538,2869,1.6936597576271697,0.9129650623777584,1.0,0.013926280203573057,0.012756542302668095,1786.147438131753,642.5615196932727,51.95293294176164,2.0,13.268608414239482,57.262226291379996,3548.003163560529,2554.614187080169,6549.950560382594,230.9197496075496
1539,3860,1.5239576195874864,0.9029762650899594,1.0,0.013909511744175007,0.012878614477813244,818.1880829015545,644.9393782383413,53.29564963209342,3.0,24.63054187192118,78.46727525592726,3478.2245749889958,2132.7198108082084,6836.856603488117,469.3596223643128
1540,3039,2.610124771792928,0.9641183867194836,1.0,0.014126917061387669,0.013244831003248692,1433.490621915104,655.685093780849,83.22311727247147,1.0,8.262108262108264,83.58388313714924,1894.2469550981125,1079.2307680168497,2977.117386786811,141.328463362197
1541,3367,1.39705717711195,0.8684076796761685,1.0,0.013441743648643924,0.012344548478722572,704.831303831304,655.2892782892786,39.439709460278074,3.0,47.27272727272727,47.577901024770576,2016.835541763005,1729.2763929834064,7554.8699728761085,119.19682371424204
1546,6083,1.9393978735231985,0.9500211778232559,1.0,0.015013683621148353,0.013778897002339365,746.8469505178368,677.6128554989314,47.577901024770576,4.0,59.16334661354582,68.51056513311633,2019.5539322281736,2070.8592298687327,7532.5590449492565,289.8062107662372
1550,5019,2.025381033935876,0.9135528869271976,1.0,0.014249895673158354,0.013092241249978542,940.3319386331932,669.284120342697,95.80185236347958,5.0,39.679715302491104,99.13190588396007,2113.6005767931874,1981.174184377405,5849.157425482618,314.307651478673
1560,2130,1.118936938584468,0.7137608907314038,1.0,0.036579393052841434,0.024933241307735443,846.778403755869,689.9173708920189,50.74067130391054,2.0,37.39495798319329,53.29564963209342,2041.3236347066947,2167.464110275794,6229.388608735184,427.1078927928002
1561,3674,1.695540208035166,0.9162667382499988,1.0,0.020625163985174968,0.018066681921482086,1686.3897659227,700.019597169297,41.17480572644057,3.0,42.424242424242415,74.22756154301669,2865.358507879849,3444.0198932516164,9427.08068426724,450.8016904633622
1562,2337,1.5814501846524402,0.9222957848280718,1.0,0.013000203596023946,0.0120088504627347,1536.2956782199408,686.5584082156606,80.22693523345566,2.0,15.0,95.4633864658777,5191.123690081226,1586.37728229487,6314.712105611799,459.72904506702935
1568,3612,2.900583826652535,0.9524430545567234,1.0,0.017687960890104226,0.012848096899688244,1214.5351605758583,707.9792358803988,70.75997394274451,0.0,0.0,92.75181212470972,4875.853700550866,1592.0678968701952,5565.159201177158,229.98021454385258
1575,3114,2.8712967973487884,0.9684173278387026,1.0,0.011872582475390995,0.01107805036008358,1454.9222864482977,736.4746307000642,79.96961140991532,2.0,3.9408866995073883,83.58388313714924,3407.395539436933,898.4894486659548,4199.350396823389,80.3856360875263
1577,3246,2.4459465763733177,0.9359647262866552,1.0,0.01397224365376643,0.012909132987260818,646.119223659889,727.1410967344423,57.70351217772353,4.0,31.28712871287129,73.04363748506191,2676.6512241363525,864.0312395095825,3014.851964950561,200.11122739315041
1583,3350,2.461094740927181,0.962067813522802,1.0,0.014457609066600674,0.013778897002339365,787.0826865671647,733.0635820895527,41.77090425311136,4.0,72.0,60.179862421141614,2826.6130065456014,3184.7556472310284,10698.265578473558,539.8304973638259
1601,3270,4.5973379752172265,0.9732150683598436,1.0,0.012813654096102177,0.011612115427851677,871.5229357798171,740.6455657492361,43.01513646222785,4.0,23.981900452488688,56.44148845092538,2766.5901469905098,2285.889124310137,7670.516820928159,249.86174610745164
1603,2002,2.7269661042170568,0.9684736854820448,1.0,0.023368811023400188,0.018554970622062683,442.2617382617386,766.943056943057,77.27195488712243,1.0,7.738095238095237,108.43333258590229,5480.138427734375,2414.651403808594,8030.140087890625,491.40433044433587
1616,3293,5.830626297410133,0.9257722036854296,1.0,0.01323752829605912,0.012832837179303173,1022.0252049802612,777.0294564227152,55.6865390221457,3.0,24.31972789115645,83.9826031662133,7576.731361182958,1280.0324744147224,4216.696744351773,663.5650766218031
1620,3939,2.9052510134629417,0.9721544520571982,1.0,0.013791800626984143,0.01269550621509552,793.9200304645851,792.8537699923841,60.179862421141614,4.0,42.402826855123685,65.506110341536,3135.841560361481,2603.118122667369,7824.523144300514,352.71896078806185
1628,3544,4.170023538922347,0.9726042922396712,1.0,0.017926823456995568,0.013595788739621641,1770.6901805869074,839.0420428893904,65.49236763813525,1.0,16.73076923076923,71.8241340164825,3016.563763816611,3783.3402992455076,9710.290015976958,51.2888379078991
1631,6410,1.897045731934128,0.9440807363801516,1.0,0.012681630377726,0.0117647061124444,1668.3391575663031,829.6840873634947,39.34844142304924,3.0,37.342908438061045,84.42957748170352,2063.4123479983227,1910.6895680687974,5669.515098097636,160.20537146157014
1633,1371,1.5676751446069768,0.8300300688445126,1.0,0.014653736321944374,0.013305867090821266,347.93216630196935,820.4194018964249,32.00577358447407,2.0,46.72131147540984,59.45706144669259,5151.746609157985,4888.999885841653,15231.975481951675,428.24777913976607
1635,1649,2.2883944205194444,0.9691303525661888,1.0,0.01063109670125802,0.010131990537047386,616.7368101879929,820.3262583383871,47.59727125582928,4.0,23.809523809523807,93.02339272295954,5404.119256532763,1533.4493247173496,5934.051919863841,292.075528843739
1638,1520,1.6331138590768501,0.9322503010128844,1.0,0.029655106101601724,0.020340276882052425,1317.205263157895,813.5927631578948,36.97990767183889,2.0,31.18811881188119,47.65234485238865,2603.033613755054,4899.284311957757,13581.834818796327,172.95160286381562
1641,3188,4.298065033668049,0.9086835757195948,1.0,0.015436956170073462,0.013321125879883766,1385.006900878293,794.6493099121712,70.39827056427663,3.0,14.159292035398233,71.18047540294626,4856.7632717290635,5075.10189214907,16660.38283504651,296.6518624561256
1643,1836,1.4912901687635884,0.8972086278314576,1.0,0.017167272397229743,0.01449607126414776,378.29248366013053,810.2892156862745,32.00577358447407,2.0,47.52851711026616,72.65991401562465,4085.5106986772894,2777.861066459429,8635.903912534808,286.21943369950395
1657,4394,6.652902094420807,0.9896894016845664,1.0,0.011042566007087121,0.01028458122164011,528.5646335912606,849.9745106964042,41.25089123229007,2.0,7.646176911544227,93.02339272295954,3897.2524270655226,1515.1456564685068,5279.159382514268,244.84951687357614
1658,2199,4.76545790799807,0.9861353881186024,1.0,0.01358329827048938,0.012359808199107649,1261.2705775352433,795.4829467939967,46.47061022869582,3.0,14.457831325301207,58.79332023656227,3820.852879378161,2256.0210953670376,7026.336948268269,434.2028785230913
1663,2162,2.5005559423824266,0.9674657390181832,1.0,0.01215064208838265,0.011734187602996826,723.2710453283999,858.2668825161891,26.51934218360657,2.0,26.72672672672673,78.88788263629618,5822.3689022514745,2173.6460571289067,5830.077902005412,410.2013423649345
1665,4180,1.3366456024320046,0.8080957016317533,1.0,0.02438290590647625,0.021301595494151115,1344.7016746411482,853.3191387559809,42.143006069610145,5.0,43.621399176954725,48.31394790965235,3736.552796804656,6757.117913849097,21921.96070414879,328.19122144714964
1666,3174,3.4196958334949215,0.9851808225562066,1.0,0.016353402517104508,0.015075913630425932,1112.0614366729683,843.293005671077,46.14441630214871,5.0,79.90196078431373,47.166969827766934,2341.9823321473605,1819.4076932357907,5466.64709116336,291.42103474612725
1669,2911,2.5467390904551954,0.8882032716622766,1.0,0.02472408163917613,0.014023041352629663,289.32978357952584,830.4644452078328,59.45706144669259,3.0,6.698564593301438,70.0936304667011,5151.746609157987,4888.999885841652,15231.975481951675,428.247779139766
1672,1760,3.0184833331761967,0.9737207981380079,1.0,0.012366110837584446,0.011352712288498878,701.7176136363641,873.7176136363641,26.51934218360657,1.0,22.364217252396173,76.6386233139136,4625.287322274881,1430.5187351895734,3936.173763329384,122.3254001129295
1677,3265,4.037743611648449,0.9863282730370306,1.0,0.01265722557597125,0.011337453499436378,874.1464012251149,879.934150076569,78.84031273689939,3.0,13.174946004319654,118.40296939271494,5703.706841320041,1850.052558998688,5098.469842393231,175.03450523119255
1678,2303,1.4791987831510645,0.9153272302246822,1.0,0.014037571431720354,0.01333638560026884,335.0976986539288,883.5531914893618,52.16584132374089,1.0,34.36293436293436,64.42514220530433,2276.9343976704267,2475.4830743170505,6418.126058658694,587.2330920732351
1680,1983,1.3456463762402715,0.8535213776198352,1.0,0.0133014349445355,0.012436103075742722,1605.193645990923,885.7286938981351,45.95187160266429,2.0,17.938931297709924,75.50452164970027,3070.58818359375,2044.68837890625,5457.3193359375,263.50517578125
1684,2956,3.0978613696016546,0.9784005116312728,1.0,0.011469364420514608,0.010879682376980782,387.2506765899866,882.394790257104,46.20291645474148,3.0,31.276595744680854,52.16584132374089,3395.694010743321,3671.205853413537,7511.89481024413,226.73005200160517
1685,3337,3.3896439885879506,0.9779135121788552,1.0,0.016340034782070446,0.013900969177484512,1268.1947857356909,905.2100689241834,57.561439100966034,5.0,26.63755458515284,66.59413917501195,2411.427066670816,2858.3375822527196,7124.272587014842,194.399222918462
1692,1951,1.9383378601518682,0.9441189931724792,1.0,0.0216105839892504,0.020462349057197567,1078.8554587391081,875.3347001537672,34.972345304001514,4.0,79.07801418439715,46.14441630214871,2306.2879324057667,2319.52158379309,5917.7209699178475,137.67785345647758
1693,2974,5.102538306945713,0.9717456327628808,1.0,0.01183452090031136,0.010894942097365856,815.5188298587759,932.6466039004708,78.84031273689939,3.0,10.37344398340249,79.30676572723402,4763.7738628472225,1371.436566840278,4669.156490885417,390.11850965711807
1694,2758,3.0137681696503287,0.9550947929701644,1.0,0.014710753952997903,0.013138017617166042,1575.3023930384334,920.6298042059461,45.95187160266429,3.0,31.48148148148148,61.1790527745463,3090.184403431567,1150.378056393394,3109.558979018328,151.75678893785437
1697,1925,2.9137374816584183,0.9607442112530988,1.0,0.011372775041147486,0.010589761659502985,516.9246753246755,889.5490909090909,41.25089123229007,1.0,4.0462427745664735,100.10901416169509,3197.164835908987,1966.2213562457232,5461.857036952555,492.0239199895929
1702,5873,2.911888738877189,0.9081578672002986,1.0,0.021795872152650882,0.01336690317839384,1038.4178443725523,938.351609058403,74.87543965515962,3.0,11.649484536082475,80.53274007293952,3054.7188900809306,1636.298855539389,4905.132117480802,128.4532438922827
1705,2713,4.062737283338218,0.9587904507125512,1.0,0.01174174716017819,0.010482948273420334,632.618134906008,930.6203464799114,88.0210747060326,1.0,3.96039603960396,89.51345689822867,5961.560536104091,1254.9545135498047,2825.61904240456,550.0280162266323
1710,2887,2.2086018061755675,0.9347053148946464,1.0,0.013560624690910277,0.012481880374252796,1217.447523380672,932.3768617942501,34.37487127820825,3.0,26.44230769230769,57.561439100966034,8592.047343749999,12015.361464843747,26613.66703125,540.8413073730468
1711,2591,2.6942519806792067,0.956481335290042,1.0,0.014788200788161081,0.012542916461825373,1400.3384793516016,898.3249710536475,64.94228551118475,3.0,9.62566844919786,71.5610157781093,4325.225358442826,6386.590372721354,19803.467684659092,340.4465958566377
1717,2510,2.141952827806174,0.9541068171264308,1.0,0.014166719217847781,0.013015945442020891,1337.2764940239044,913.8390438247011,60.973701025323976,4.0,47.852760736196316,64.94228551118475,2430.583294878949,3563.255737751831,11674.454294728708,346.70725605164694
1718,2788,1.4791933299945492,0.9064195057948721,1.0,0.014092494958445131,0.01350423414260149,1722.7604017216645,945.763271162124,48.53072801800646,3.0,38.21656050955415,67.4816592389478,2089.5292889994957,1942.4097230972784,6215.398469002017,262.0651028540827
1720,3006,1.5123614212803973,0.8995386455723517,1.0,0.012161846658374794,0.011474784463644028,1986.7857618097137,927.1590153027278,75.00652095797376,2.0,24.722222222222207,87.17477181453665,2654.565902709961,965.428379058838,3531.216522216797,359.39978313446045
1723,3273,3.095556140225047,0.9796143382093851,1.0,0.011977050226498162,0.01110856793820858,375.172013443324,938.6397800183317,50.79426256859283,3.0,32.278481012658226,57.52732373969046,3357.1667209814445,2992.357713113735,5969.671237591766,486.2992237474413
1729,3602,3.734956875178817,0.6251508302542821,1.0,0.0110678745063693,0.01042191218584776,272.3734036646308,935.2543031649084,81.2855591749969,2.0,8.853410740203193,86.22286187125479,3576.5705004422166,1966.4189342570755,5092.568628390331,338.6070780052329
1736,2780,1.6688438151297331,0.9326711847142716,1.0,0.014922017180327353,0.014099336229264738,1183.141366906475,934.5492805755393,34.37487127820825,3.0,57.85953177257525,79.05485041328284,2599.99550741683,2260.948272790085,6374.933401355565,396.40963808486185
1747,2133,4.853826728004705,0.9914989681577674,1.0,0.011076576323141471,0.010574501939117908,67.14580403187983,966.8213783403658,66.62571623407406,0.0,0.0,99.04848241833521,2237.5601687406715,1663.5595912898405,5162.869976726326,247.4476878089051
1748,2956,2.0459846756426505,0.8779770797878522,1.0,0.012131794908743084,0.011291676200926304,436.8765223274693,983.9577131258457,71.06577122174058,0.0,0.0,71.86024323935945,7595.476318359375,4555.6259765625,8692.283935546875,465.1357727050781
1756,3215,3.3937736999652146,0.960286814635385,1.0,0.015483797122876437,0.014099336229264738,1332.4311041990668,1018.1461897356148,63.89991148793681,5.0,17.510548523206747,91.816588824172,3239.987717744159,2135.843397871091,4180.698269229129,174.0015609126019
1757,2016,1.2921916135932907,0.8739335701173196,1.0,0.061808749647637364,0.035690851509571075,1770.2276785714284,993.7281746031745,44.00015628614495,2.0,17.796610169491522,67.4816592389478,5365.404036642775,5012.172286600233,16691.0594450694,1433.6643552405703
1758,2616,5.428689721805072,0.8409236672618603,1.0,0.010994137063464408,0.010360876098275185,813.8126911314985,1011.9350152905199,79.30676572723402,1.0,3.4375,145.13574677140042,8875.256005859375,1728.5125850423178,6076.478561197916,173.85780695597333
1760,1881,3.291751830001924,0.9829078638581122,1.0,0.012511919453841124,0.011535820551216602,1157.877192982456,1017.2971823498137,45.46418105581454,3.0,32.58785942492013,86.51874786488787,4827.876232910156,3168.6803237915037,7162.602090454102,184.3956227302552
1761,3060,1.6662446327905611,0.828555162471025,1.0,0.011747621872851905,0.010559243150055408,1697.6316993464052,987.2816993464048,48.53072801800646,4.0,12.470588235294118,65.67073223935475,3687.552249821089,5828.160845807492,18161.59143532324,622.3808120844018
1763,2616,1.974109323196083,0.9585735742024586,1.0,0.01637774863741745,0.01426718570291996,367.10474006116215,1001.1563455657488,63.034925776644535,0.0,0.0,71.86024323935945,2214.0537109375,1547.575927734375,4298.3017578125,337.641845703125
1776,1290,2.2377913876892714,0.9391952767315359,1.0,0.012807110125242278,0.012191958725452423,533.1093023255814,1015.6961240310079,43.9596091812033,1.0,24.390243902439018,57.08780548256489,2559.1578776041665,487.27657063802076,1101.17041015625,93.74453735351562
1784,3496,2.244243710430177,0.9469857912278928,1.0,0.014148871420090912,0.012985427863895891,1796.6644736842104,1028.9007437070936,44.00015628614495,2.0,18.048780487804876,60.83978757397564,2895.4170399453474,3970.9533278416084,14755.153846496121,123.55588975507713
1796,3551,4.214911453589869,0.9888019887589156,1.0,0.01496016263822264,0.01191729586571455,1165.607152914672,1062.099408617291,45.46418105581454,3.0,19.360902255639093,92.60786429949442,5749.954507411386,1640.087966608364,4742.717545775321,535.6045708675399
1800,4674,2.0833737276930058,0.896489570080234,1.0,0.011489217646003956,0.010498207062482834,1915.6195977749248,1056.8799743260597,35.73918695588817,1.0,32.6530612244898,64.39242542044924,2015.5967993995675,2263.453187750685,6569.757942742102,202.36070613483258
1802,2041,1.2222133164252589,0.8031203441928864,1.0,0.024013708239956952,0.02206454612314701,1665.4370406663397,1044.5193532582066,55.80391503135312,1.0,15.918367346938775,65.67073223935475,1714.364501953125,1592.23388671875,4875.6728515625,301.7469787597656
1807,2837,3.7470919151123567,0.9817734281231612,1.0,0.015631520716394016,0.01493858266621828,261.4131124427213,1076.746563271061,65.41077647241511,2.0,13.34894613583138,102.33599327789707,3820.9822252724175,1232.8839518941713,3857.327430965582,173.38744664908558
1811,2175,2.7289579363173724,0.9733189524096808,1.0,0.013460555108499596,0.012527656741440296,1414.350344827586,1059.6133333333332,66.33380311654132,1.0,21.238938053097343,68.48610667204275,1964.3258738199868,1239.430012512207,4070.5521453857427,123.69733136494958
1813,4472,4.684924972594719,0.9776838876973208,1.0,0.011231257823151777,0.010467689484357834,359.3490608228976,1116.739937388193,81.04428713791789,3.0,12.457337883959045,105.30892292238435,3323.110639558823,1799.3354375336485,5905.177917051678,235.2567462879051
1817,3305,2.6222994669935296,0.9687642829501172,1.0,0.014051056884048835,0.01303120516240597,1269.183055975794,1087.6217851739789,34.42920110215157,4.0,43.08943089430894,73.33321578298566,1433.1026913400424,395.88243759931146,1271.441313559322,87.00444356627384
1824,3037,1.3186402343218115,0.8572414948876987,1.0,0.01833842025507348,0.017143511213362217,1694.2558445834711,1092.3058939743169,55.80391503135312,2.0,28.33333333333333,65.3064974127839,1714.364501953125,1592.23388671875,4875.6728515625,301.7469787597656
1825,1871,1.6617407648941231,0.9202363704464857,1.0,0.014107133044335116,0.012771801091730595,1757.3083912346337,1075.2966328166754,60.83978757397564,3.0,32.63157894736841,61.86770655550175,1603.441445090554,2584.9124922318892,6324.9158491654825,131.86303520202637
1833,2165,3.1051696984851405,0.9793466419930741,1.0,0.01786165433241093,0.015365835279226303,1300.6092378752887,1073.5588914549649,34.42920110215157,4.0,54.901960784313715,63.89991148793681,3099.465604972071,2777.380136053577,8046.084020843873,460.12853851636834
1843,3107,2.1888504671685096,0.9464437235137526,1.0,0.010748161450520008,0.01033035758882761,1087.5732217573222,1111.9684583199232,74.2449906259784,3.0,31.690140845070424,92.60786429949442,3876.116685133714,901.9266510009766,3332.191960261419,474.95190840501056
1850,3022,6.6630644366168665,0.9647230394428884,1.0,0.013008997924003349,0.012130922637879848,1627.1207809397747,1152.8600264725346,90.4097325129035,1.0,8.362989323843419,91.75546871332556,4608.591848191182,1870.9002055757364,6205.02965919835,491.2814305785356
1859,2268,1.2679569211135635,0.7689625353845856,1.0,0.01831355120829016,0.01733424887061119,1373.4109347442682,1155.6706349206352,41.216030615300994,4.0,93.22033898305084,43.923060010417146,3491.0377073823743,3888.6039394421528,8499.0153150237,140.88241928614926
1860,2435,5.484446388889194,0.9909070422418692,1.0,0.015592038411134566,0.013611047528684141,1901.4854209445589,1146.3650924024641,69.90995985485692,0.0,0.0,74.06467120299939,3101.359318995864,2184.016496527764,6312.649823224674,250.50922289671112
1865,3188,4.241079370280314,0.9729370756905604,1.0,0.01238378289814716,0.011856259778141977,1107.5260351317443,1183.482120451693,37.45395876374982,2.0,37.28813559322033,74.2449906259784,5189.667258208652,1453.6496135783646,3637.823563485775,402.0606153955999
1869,2524,1.6629200449109538,0.931583387499419,1.0,0.013806029411642362,0.012207217514514923,578.3118066561015,1155.024960380349,80.61405649347991,1.0,14.610389610389607,96.20958571923856,3567.7039941062385,571.6314723055127,1531.0716312032348,198.05663616556515
1874,2230,1.5344955343654485,0.8793199423868115,1.0,0.017134376339438984,0.015167468227446081,483.1022421524665,1168.8605381165921,38.754101537241894,2.0,32.88590604026845,58.491819231592046,5383.715724859023,2494.9499731995998,7883.2119214050745,304.24745396205367
1881,2885,1.9852134139345048,0.940429343521473,1.0,0.01509073906944519,0.013580529950559141,1742.4464471403808,1183.121663778163,55.788065289180096,0.0,0.0,76.63628339366257,2595.902865460399,1545.6511377125664,5254.3655031022245,217.2901425311085
1883,5048,1.822319438682136,0.9130556211448992,1.0,0.02035208935519125,0.016647592186927795,87.04437400950837,1173.3456814580031,52.19590717141471,2.0,15.674603174603176,89.73198125339826,1903.8220585056995,1186.5044280505572,2749.4963288854383,130.9016107340328
1887,3051,1.8133920411373583,0.9362384450550258,1.0,0.017595317793026522,0.015030136331915855,1297.968534906588,1192.1835463782372,60.816737740969685,3.0,34.73389355742297,62.57831132543498,6876.67383612961,5754.031888367699,12102.14819736168,389.84438111352137
1895,3270,1.7835850158930502,0.8981846084904349,1.0,0.016622053968808427,0.01266498863697052,1445.4021406727834,1195.5837920489294,40.337354364497536,2.0,24.88372093023256,80.37023801145865,3070.0434497589763,1922.575611909907,5601.138091131981,304.30112716999463
1902,2661,1.4537156880458548,0.8800291546952618,1.0,0.014738019023472788,0.01345845777541399,1945.4502066892146,1200.720405862457,43.717447628744104,2.0,33.00970873786408,63.52314465781122,2960.9843265928075,1860.44914087756,6338.71837537042,170.83602234412885
1905,2574,2.5770656541876305,0.8572170750958429,1.0,0.010707867566442585,0.010177767835557459,1008.8811188811192,1197.8321678321681,58.52309780475442,0.0,0.0,99.68321504603857,8189.737139762716,2010.4742374825985,5826.51273686835,496.2388018344312
1906,4480,2.5571655428410254,0.9762290906503804,1.0,0.01350903700305415,0.012191958725452423,1996.9607142857149,1237.8937500000002,38.771445192245714,5.0,72.84210526315789,63.52314465781122,2298.11767578125,3724.64306640625,7517.6982421875,291.7964782714844
1910,2930,1.8921738975220943,0.9505842045333206,1.0,0.01472173778248042,0.012802319601178173,38.2368600682596,1191.8453924914675,40.38418870666303,2.0,34.83483483483484,52.19590717141471,1430.83154296875,2020.3077392578125,5334.997558593749,0.0
1911,2093,1.5297096195654067,0.9094989917089488,1.0,0.017552431855026796,0.015327687375247478,12.007166746297344,1222.551839464883,40.38418870666303,2.0,39.615384615384606,67.66286687091771,2185.2806877524163,1458.520258499404,5195.220138291183,0.0
1914,3254,1.2164278563599142,0.7412001955834187,1.0,0.016037785463303002,0.014358739368617538,1225.3131530424089,1232.681622618316,83.17991760621607,1.0,14.88673139158576,90.42893641252272,4263.850522359212,2529.983393351237,5907.02490234375,191.57411575317383
1922,2340,1.6809400787144584,0.8591561765272322,1.0,0.014001117791566584,0.012832837179303173,1524.3324786324793,1230.1747863247865,86.1773469969003,1.0,7.165109034267912,86.52005788500011,6745.881576045866,1691.671430690314,6432.592122395832,0.0
1925,2357,2.9053899278177227,0.946590896382422,1.0,0.01245971334273115,0.011360341683030128,450.7708952057694,1243.821807382265,16.782553787288922,6.0,32.075471698113205,47.21770066635028,2377.034003535404,2233.959309895833,8347.404325718619,346.87218903489253
1926,1944,2.33068647343378,0.5059825881918574,1.0,0.011765742107244676,0.010910200886428356,1345.920267489712,1232.39146090535,62.57831132543498,1.0,1.7721518987341771,81.49737373607623,3491.037707382373,3888.6039394421523,8499.0153150237,140.88241928614926
1927,3811,1.680164498552854,0.9201244947655508,1.0,0.015196916873304591,0.013534752652049065,1906.347415376541,1220.270007871949,43.717447628744104,4.0,45.20884520884521,74.06467120299939,3495.564796521665,3189.8837051406513,7421.7382327159985,180.4493195725359
1932,2668,5.616345303213577,0.9772993272447958,1.0,0.011279065319374651,0.010849164798855782,950.3601949025492,1198.3365817091449,58.52309780475442,0.0,0.0,76.15136098327244,1756.320635516827,0.0,0.0,152.55649528503417
1938,2381,4.965926578192243,0.9629494684553236,1.0,0.013356745571049822,0.012207217514514923,1741.2595548089039,1238.8971020579588,55.788065289180096,2.0,5.938697318007662,96.52771908942177,3488.3374067988707,3471.494595938356,8605.041295406592,0.0
1943,2554,1.178503111721762,0.7659196304185949,1.0,0.014335014731546657,0.01350423414260149,584.2779953014879,1259.7122161315583,62.787200949420516,2.0,37.074829931972786,97.42984574507685,3358.6703871396253,1472.580411044034,4354.483349116162,557.8089410544244
1944,3327,2.2769941329713403,0.9582296149710912,1.0,0.016840383205686,0.015609979629516603,328.3174030658249,1252.576495341148,41.96567311707883,1.0,29.743589743589745,82.18518762067424,3582.866454305528,4851.252435998072,10282.16458323032,248.90452575683602
1949,3431,1.7721711027386642,0.9446058585950852,1.0,0.014362355463176366,0.013000686652958391,74.98746721072575,1288.9390848149237,48.116739856786864,4.0,60.22408963585434,72.34514029365765,2178.202953895935,1880.938244418008,5203.35869357197,224.4547092634713
1950,1167,1.3749202244346532,0.8963870697803219,1.0,0.009899731869103057,0.009460593573749064,915.7523564695803,1266.1696658097685,76.15136098327244,0.0,0.0,108.48246755032585,5153.391686675745,0.0,0.0,0.0
1954,2662,3.3835988748963817,0.9751327694318698,1.0,0.013003036943785594,0.012054627761244774,1666.071374906085,1299.4308790383175,75.26147814045326,1.0,7.021791767554479,86.63042649176542,7969.195490373884,2174.7331002371648,5504.506169782367,0.0
1966,2834,4.4071874375193145,0.9661841731165326,1.0,0.01341300341760741,0.013199053704738615,100.11503175723351,1329.9735356386732,48.116739856786864,4.0,42.857142857142854,75.52046855980012,2749.6225235384113,2594.4618843266667,6967.718930207947,277.98602712668554
1967,4419,1.2993725269506715,0.7520084593633074,1.0,0.010683328569151206,0.009979400783777235,1072.3921701742474,1298.6085087123784,71.6126826792152,1.0,6.467661691542289,76.90492552141245,8212.909234320367,2000.058474240604,7320.443448153409,309.67510730236563
1969,3731,2.2303644899775428,0.9603589127158766,1.0,0.015689975877859842,0.014145113527774813,1480.8611632270172,1304.9809702492626,60.511450979033576,1.0,20.631067961165048,86.52005788500011,2746.8753795017387,1566.0887037023804,5002.307338562609,273.967187583912
1971,2502,2.489779512458251,0.7151931463314632,1.0,0.016110099754560528,0.013122758828103542,215.7238209432453,1308.3980815347718,45.03726343017662,2.0,28.04878048780488,59.46380607356527,4968.4437943146,3493.780644777442,13956.30172498687,522.1460945706408
1978,3939,1.8411452724556088,0.8372306426593296,1.0,0.012784767157664629,0.011932555586099623,424.5288144199035,1283.0756537192187,45.167458624126574,2.0,25.0,47.21770066635028,4012.12783153637,4144.491055875211,9706.721115524702,196.8884780986889
1982,1104,1.2742534128136531,0.7335063672525091,1.0,0.015960204467325864,0.015930419787764546,397.41213768115927,1319.197463768116,45.167458624126574,2.0,50.52083333333334,59.52900360052247,4963.538114107573,4183.34951547476,10777.373234675482,481.1160278320313
1983,2713,1.8153331041116931,0.8254385688798485,1.0,0.03169712816151199,0.021576257422566414,1964.9996314043487,1327.4802801326946,0.19602845176257166,2.0,44.37086092715232,43.41220922917037,2151.4063910066784,4522.702550785789,10063.888917620121,345.0354790107569
1984,3051,2.724206135027941,0.944038221255022,1.0,0.013095236682525057,0.011841000989079477,175.62799082268134,1328.908554572272,45.03726343017662,3.0,32.214765100671144,71.22442281912146,2853.643752830616,2574.606860469505,6784.138520908816,219.0229008623943
1989,4160,1.7818412037278426,0.9111381424252352,1.0,0.012894471499468915,0.011810483410954477,591.4478365384616,1322.0887019230768,62.787200949420516,4.0,47.91666666666666,65.00264186061645,3219.3190174169317,1477.5799187786465,4438.2710864645205,418.9450465082637
1998,1973,1.5196013695445287,0.8766059962704533,1.0,0.011469278028598305,0.01045242976397276,1011.548403446528,1345.6447034972125,76.90492552141245,1.0,10.18867924528302,87.26636640899143,4205.784259175146,345.0602970566861,1283.2837765715842,136.95377261139623
1999,2714,1.9801102712803038,0.9082613013931959,1.0,0.014932234934033575,0.01266498863697052,339.7435519528367,1333.96352247605,59.52900360052247,3.0,10.0,69.5308522368122,3694.4492473356313,3523.722571076489,8646.057554821757,412.9629970599234
2000,2903,3.8810733656805962,0.9863997730367586,1.0,0.011482159160860358,0.011139086447656156,472.363417154668,1342.6314157767824,76.38742051574916,0.0,0.0,78.52925825105184,7508.930959665862,5237.032789364604,13160.667480876235,687.3013238033597
2002,3469,1.2283632550013797,0.7882700032287133,1.0,0.01501905201534526,0.013153277337551115,1863.6976073796477,1360.8947823580284,64.7941675512985,2.0,20.414201183431953,80.95085367842654,2663.531330506494,2175.896900387629,5722.351501839292,167.40188299073762
2008,2699,6.512732046178019,0.9913506249926388,1.0,0.011941205222599923,0.011444266885519028,1710.4094108929235,1373.855131530197,86.63042649176542,2.0,5.058365758754863,93.68757810112905,3268.1519545816805,424.36689983387197,1131.1594464631646,404.7665565940975
2011,3290,1.1614224438258465,0.6842653420551748,1.0,0.012856111014799687,0.012314030900597572,1432.6203647416414,1341.5112462006077,60.511450979033576,3.0,46.264367816091955,63.91926403956865,5521.397620474938,3638.4476257928527,7957.996770575495,241.1683802840733
2018,3154,1.498844567601682,0.8934333049421522,1.0,0.015378573591086818,0.01441977545619011,640.166138237159,1365.122067216233,62.32943584187424,3.0,33.73134328358209,65.00264186061645,3565.0424184647827,2151.8589593796505,6889.803707062252,453.4976983448816
2032,2442,3.1348022665694635,0.977243621683992,1.0,0.012678285265519885,0.011688411235809326,349.87796887796867,1402.7518427518426,68.24128702744015,2.0,3.9506172839506166,69.5308522368122,3920.976155294641,2047.1382938328693,5231.372808005734,459.1634155891311
2038,4292,1.635236250179579,0.9044744347521358,1.0,0.01456263893043478,0.012390325777232649,141.03937558247958,1400.675442684064,79.6671735000383,1.0,2.244389027431421,81.69186971407821,3199.0592232637628,2454.609710338504,6975.324850747751,399.5406406202982
2043,2584,1.7464395747889192,0.9333229717287655,1.0,0.014997581346717378,0.01451133005321026,1363.880804953561,1410.5541795665636,38.86261274802017,2.0,28.39506172839507,97.42717140323313,255.34769733791245,73.80123688255608,251.89588996418357,0.0
2047,2235,1.2360823251171569,0.7760760419514546,1.0,0.013752563985302144,0.011490043252706528,1172.4,1436.422371364653,72.26750815686046,0.0,0.0,103.56489138562466,4965.387570085197,939.9825952464136,3479.499258107153,187.73070151230385
2048,6071,1.7919049733064254,0.7346500605271133,1.0,0.01638655590425469,0.012726024724543095,47.16224674682917,1409.5168835447212,66.31946972402726,7.0,51.662049861495845,70.74717041929618,2930.9431339519538,3044.636137057052,7513.9223267254,224.56862767878346
2049,2351,3.7007936579145753,0.97299507597864,1.0,0.013932272442467973,0.0119935916736722,1529.5874096129305,1403.9064227988092,62.445554133309,1.0,4.645476772616137,100.96478004050314,2673.018786976639,1884.205014126972,5173.732092403671,317.07218947919824
2052,2524,3.1690396924499526,0.9799237127033278,1.0,0.01695768846654246,0.01472495589405298,456.2396988906487,1426.5087163232965,83.58326440599656,2.0,13.294797687861273,85.41297230296856,3273.657374472513,1734.4643920007413,4018.262308608006,175.8920813233313
2056,2480,1.1513399051894238,0.7358648333003027,1.0,0.02044956289727481,0.0156710147857666,536.8528225806451,1448.5923387096773,37.11671956160485,3.0,54.9645390070922,73.65241403247475,2513.0262810202207,2308.3561868106617,5876.500095741422,203.7944210276885
2061,1471,1.428012115249276,0.8550987402198512,1.0,0.012203452131127841,0.011688411235809326,1100.974847042828,1447.4242012236573,72.26750815686046,0.0,0.0,81.47214487200337,5109.339177058293,1138.0048161433294,2861.225724909856,0.0
2062,2024,1.3605054598202024,0.8912444995151959,1.0,0.011295053805132571,0.010513465851545334,309.20800395256856,1457.549901185771,68.24128702744015,0.0,0.0,97.19104348145108,6672.677978515625,1807.7661786760605,5266.634898158482,748.5656594412668
2063,2900,2.024212093402408,0.961584465959022,1.0,0.02176252761438232,0.019729916006326675,647.1144827586204,1471.7158620689656,40.38556892687479,2.0,26.404494382022467,72.76162857704256,5815.751703969282,3056.2120244354555,9142.199948954652,677.7034868842168
2065,1971,1.2574299170952814,0.8083646096635809,1.0,0.02026367153384581,0.01937132887542248,21.34956874682871,1470.6067985794011,46.995769860564366,3.0,74.04580152671755,47.29094873531906,874.8362426757811,628.0126342773438,1341.6317138671875,134.60282897949222
2068,2530,1.533142730601242,0.895269688223483,1.0,0.013986739246616428,0.013290608301758766,684.7494071146248,1457.0664031620563,40.38556892687479,4.0,17.365269461077844,92.91927371356053,4067.248338503011,1965.7258304692648,6484.064087053348,486.9745386769793
2077,4235,1.6755607929009604,0.9198260345514648,1.0,0.012661450065522856,0.011596856638789177,1695.9629279811097,1466.4221959858323,45.777454307797505,2.0,35.981308411214954,92.79171402249321,4005.745999849327,2765.732813081765,7039.149870862968,352.62389331351164
2084,2877,1.3851907031850217,0.620752086875806,1.0,0.01626020372606656,0.0156252384185791,1562.372610358012,1457.0531803962463,44.10202168162403,2.0,35.09316770186335,62.445554133309,2091.675805228097,1735.2656947544642,4352.912131173271,70.84083689962115
2089,1864,1.3348917043136308,0.8202040040194206,1.0,0.010545187608274937,0.010116731747984886,984.6394849785411,1490.6158798283263,119.76254380256451,0.0,0.0,124.09447033336286,6834.4031718749975,917.4093925781247,3534.4423115234367,308.9225743408203
2098,2512,2.290669850164228,0.9587748659222752,1.0,0.016344222743627703,0.015289540402591228,9.590366242038499,1516.4124203821657,30.780096164263238,3.0,45.55873925501432,47.29094873531906,2550.9091796875,3179.67578125,7718.2841796875,108.56453704833984
2101,4180,3.2262027716558257,0.9740571163229764,1.0,0.012964652841977559,0.011642633937299252,1685.6877990430621,1511.0315789473689,45.777454307797505,2.0,27.667269439421336,62.57111151241722,2233.316650390625,2575.997314453125,7101.583496093751,401.18353271484375
2103,2125,2.8991648750091965,0.9772144714388166,1.0,0.01339172702655196,0.012512397952377796,73.41741176470578,1478.6687058823527,48.19916495886136,3.0,40.06410256410256,52.688277879388465,2652.688385066567,2965.144422964155,8453.595987656687,331.91255131275466
2108,3226,2.957455232397663,0.9552781924467744,1.0,0.015598911275135631,0.01466391980648041,1797.7898326100435,1481.9597024178552,41.45684771291501,3.0,35.129740518962066,94.39491035437972,5547.098255736151,3546.795022294204,10347.913447537385,885.8505526330545
2109,1563,1.547824950975148,0.9124043875682388,1.0,0.014309184516107356,0.013740749098360537,40.245041586692196,1513.6365962891882,30.780096164263238,4.0,75.10917030567684,46.995769860564366,2753.738495291096,3194.444269049657,9535.59286708048,314.23542116766106
2112,1582,1.2757945968059516,0.8239366417700902,1.0,0.02147846235381498,0.018646525219082832,1581.5018963337548,1526.6314791403288,35.10138585163827,3.0,60.66350710900475,72.16002520830034,3664.236496740108,4218.134770894222,12288.083991400628,225.23988660633992
2124,4139,3.2866013998243524,0.9468437763224994,1.0,0.013899675054252004,0.012436103075742722,237.28001932834013,1522.913988886205,97.19104348145108,0.0,0.0,144.9786543509581,7113.097466571514,1955.9142019418566,6369.234406926082,158.53335612370418
2128,6085,4.020058421214913,0.9887486196605606,1.0,0.01328257117910202,0.012497139163315296,1913.5224322103527,1511.0529170090385,48.48527976033464,3.0,57.733537519142416,53.619721626523294,2465.1845048618884,1407.7852255650766,4657.276045376641,305.6595375284333
2133,3275,1.9441653504118368,0.9289527126810316,1.0,0.012122041996824377,0.0117494473233819,1287.9413740458008,1540.428396946565,58.37847191429478,1.0,6.876790830945557,93.53121225741577,2800.4683802185364,294.03329704969815,1177.8693979488705,222.42739255665927
2135,2479,4.099891872459755,0.9457563713652324,1.0,0.010624686567305905,0.010070954449474813,1091.159741831384,1545.356192012909,71.28243692322063,0.0,0.0,98.4226148314387,6963.01036576868,1087.3480500584121,2970.0428758557646,184.7479598880473
2150,4044,2.82932892339316,0.9688908775807266,1.0,0.012193445272768574,0.011596856638789177,1435.6931256182002,1556.0393175074182,59.87570914059821,3.0,21.516393442622952,90.25707389756587,3326.645984437865,1253.1849565734449,3157.630325625655,271.041663274256
2151,5334,2.0595585962789893,0.8852836702849931,1.0,0.045044561260511484,0.02270542457699776,1492.796587926509,1538.031121109861,59.87570914059821,4.0,18.726591760299627,73.70444518870849,3913.8098341085138,1543.8052262990484,3862.4448773227837,470.17051791605974
2152,4007,4.461638135753083,0.9885629680450441,1.0,0.011932296290973235,0.010589761659502985,1948.0227102570507,1476.9860244571996,48.48527976033464,4.0,69.44444444444444,61.758531392102654,2522.89976525566,1430.5000809790865,5029.644063593337,275.3406204759138
2153,2924,3.3019342862687213,0.978787916689506,1.0,0.011718067878197305,0.01109330914914608,695.0451436388507,1561.8498632010937,88.74303820206276,2.0,4.8611111111111125,97.70067416714501,4838.299536254406,1216.6117119351754,4383.199495543945,194.4878972677821
2156,3237,5.014171859097278,0.9791439609162368,0.0,0.01397598198185461,0.013244831003248692,1748.971578622181,1597.4022242817432,28.207591173938866,7.0,59.15492957746479,48.661244871366605,3365.0416583273523,1401.8690910204562,6216.484604474934,102.75428065647087
2166,4436,1.5150603917939345,0.8567261569363795,1.0,0.015566125300287113,0.01440451666712761,1545.7391794409368,1589.3090622182149,72.16267276120692,4.0,16.294642857142858,73.70444518870849,3842.642040513343,5314.676938430586,12439.803333801408,349.0902160050002
2171,5037,2.86922551653276,0.961235613155881,1.0,0.01297739380536091,0.012588692829012873,1650.708159618821,1622.9251538614253,73.4155160525065,4.0,16.134453781512605,101.52398459752924,3897.292753826058,1771.183936182544,6425.689752703115,220.7783300595277
2180,2540,3.8007982241468414,0.9624397865376144,1.0,0.012731587321600166,0.0117952236905694,37.12125984251952,1610.9740157480314,66.44280465387699,1.0,1.0460251046025104,97.38753123111908,5538.377961036638,3552.9843394391332,8021.276942111906,289.5194987087591
2188,2214,1.3670509529439268,0.7403543164066102,1.0,0.0149297744810561,0.01350423414260149,1868.650406504065,1613.9223125564586,53.09300917282602,3.0,45.07936507936508,59.83323862766815,2755.3179144859314,2465.074295282364,7918.34343624115,328.41142603755003
2189,1561,6.9205549515161024,0.9841760225181496,1.0,0.010373182906509687,0.009994659572839735,1123.4759769378602,1608.8923766816138,71.28243692322063,0.0,0.0,103.71692883458677,8345.921075804621,1280.688256679437,5533.057965661727,167.35539526002017
2197,1847,2.4253779666407205,0.9671404496063654,1.0,0.014508785379412178,0.012558175250887873,1307.538170005414,1631.8835950189496,59.24676073824791,0.0,0.0,91.5975472072412,2757.456247728925,0.0,1071.3471168695494,0.0
2204,2595,5.918281370431186,0.9908499198295716,1.0,0.011217345188772002,0.010925459675490856,968.2208092485548,1617.1394990366089,105.01168671763105,0.0,0.0,105.39364450538092,3525.740679590081,809.8084984846649,2406.554363167199,119.12139129638672
2205,3837,2.8563975497822174,0.9764657595255912,1.0,0.013281469480910042,0.012466620653867722,1910.0820953870207,1664.2955433932757,45.13802087644394,5.0,62.383612662942255,61.58348602318868,2176.460444996194,2241.0238916632447,6756.128031126399,311.7031005906698
2206,2217,1.111810793450842,0.5726657157611994,1.0,0.011779008316439877,0.011032273061573505,664.3161930536762,1645.1028416779432,68.49758017184196,2.0,8.730158730158731,77.59889724406419,4371.010452020364,1420.9726702580685,3926.1195748751284,191.16528295298093
2207,2045,1.4868951861026338,0.9053183679507718,1.0,0.014484326326012755,0.014312963001430038,1720.4533007334962,1645.8479217603913,56.21634795972625,3.0,54.88721804511278,73.4155160525065,1539.5110575169235,446.10382963837196,1969.7783371335559,82.95074831559354
2210,3905,2.719649927777223,0.8832578493211479,1.0,0.012441174968809995,0.011306934989988804,741.8750320102431,1647.5959026888604,77.59889724406419,1.0,1.3628620102214652,97.70067416714501,6726.222112996689,1129.929189517798,2653.7911837748347,337.8773124644298
2220,3182,1.7491700334849118,0.8419164512237373,1.0,0.012299774000965559,0.011596856638789177,465.8488372093025,1694.157133878064,91.60022721038065,2.0,13.238770685579196,122.12850674574342,3048.9946845133086,728.1298180391078,1463.3282629848306,162.29085988194862
2221,1436,4.944806496016244,0.9911791093124106,1.0,0.010798914039255869,0.01033035758882761,28.683147632312057,1676.878830083565,66.44280465387699,0.0,0.0,75.02720307761562,4205.310120996642,811.6126441848712,2576.3838648008027,511.531569024094
2227,3067,2.147116300667637,0.8912700287687912,1.0,0.010666976838315256,0.010101472958922386,1792.0290185849358,1701.4714704923376,68.26918077388207,2.0,19.18103448275861,71.59704896991607,3365.0416583273523,1401.8690910204562,6216.484604474934,102.75428065647085
2231,2231,3.5735138814957743,0.9422940262307492,1.0,0.0117770103344895,0.010910200886428356,1312.852532496638,1690.8915284625732,45.033966839744,1.0,7.575757575757576,59.24676073824791,3030.740177287391,533.4382290816426,2248.6323545844994,126.4501978935887
2232,2836,3.7397592728178126,0.9628517462181888,1.0,0.012609650109164228,0.0117494473233819,1471.170310296192,1665.2327221438645,63.67878296322418,3.0,10.105263157894736,106.41859979360744,5984.4190906343,4158.678065708706,11819.984421502975,165.54124832153317
2234,4454,2.019625773897757,0.6695197926058978,1.0,0.012080876758471836,0.011062790639698505,906.4241131567128,1702.0431073192635,86.69947740942057,3.0,8.592321755027424,92.06683540733593,4576.1983153583005,1187.8555814508807,2887.3858571489423,250.4503253245214
2237,3524,3.9491327857182346,0.9892739679206836,1.0,0.015146995485901925,0.013992522843182087,333.1713961407488,1707.643303064699,111.21799880297884,0.0,0.0,122.69590482713042,5480.205064960554,1429.2099777857459,4366.1164310679715,88.89832198619844
2238,4916,1.4618789752522747,0.8589103628718574,1.0,0.012604619547621664,0.012207217514514923,1910.479658258747,1725.8777461350692,53.54260443400833,3.0,62.19512195121951,61.58348602318868,2352.3051087211647,2149.2114855066393,6197.06921858235,359.6742570737913
2248,5923,3.494725743085487,0.9772636421855144,1.0,0.014463314128511012,0.01333638560026884,1960.7347627891272,1707.4052000675329,53.54260443400833,3.0,31.94842406876791,66.51417302741353,2782.715588790609,2124.2612750165645,6205.951306892463,432.5012320829914
2250,4728,1.3082546856116934,0.8483126903534981,1.0,0.013975621439542544,0.013183794915676115,1723.1514382402697,1721.0167089678512,71.59704896991607,3.0,25.83979328165375,75.21719561540333,890.0068359375,621.0357666015625,2402.343017578125,240.99794006347656
2267,1981,1.5096700400598213,0.8306204313503456,1.0,0.01204660889993016,0.011398489587008951,665.849066128218,1750.6728924785461,96.41031051127723,0.0,0.0,105.58117884312789,6062.54390625,2434.31953125,5677.764843749997,250.6367285156249
2268,1635,1.6414111041116473,0.5495186982964966,1.0,0.014325375190511663,0.0120393680408597,69.19449541284393,1740.02874617737,53.11534617206785,2.0,19.565217391304348,73.97576380424435,4998.036431206598,1601.0265675554376,8620.286076092962,0.0
2269,2722,2.118562339855907,0.9565680683176996,1.0,0.022716905412241587,0.01913481391966344,986.5260837619398,1751.9467303453343,32.306248337617475,4.0,43.626062322946176,48.32817169724503,2464.088858512452,3140.884615670606,5988.169237785533,260.4539488196978
2270,2172,5.557619817332953,0.9833228752434926,1.0,0.011969965137798563,0.010772869922220709,133.42863720073638,1776.7219152854523,73.97576380424435,1.0,7.387387387387387,101.70649620190045,5219.424552146878,2034.506669571848,7766.02672218545,144.2417034602746
2271,2921,2.8189143101924348,0.9737505181954572,1.0,0.01651481182073096,0.013199053704738615,1136.4115029099626,1743.347826086957,43.70900698621969,3.0,46.073298429319365,68.18421441303553,5253.545498318143,5913.6078999837255,12314.350429958768,276.42215559217664
2286,2715,4.952769499175707,0.9907090102279259,1.0,0.011166288186564463,0.010757610201835629,1788.586003683241,1769.6537753222838,68.26918077388207,3.0,20.527306967984934,81.53064809184275,5460.6748156601125,3848.2416973899817,10510.981566011238,580.6966548162453
2291,5065,1.5810724130336604,0.8506364880063166,1.0,0.013966506034841895,0.012848096899688244,1134.2183613030602,1787.0017769002961,43.70900698621969,3.0,35.85657370517928,84.34145806699735,3083.919455705719,3007.22747979426,8098.090278049847,329.5993769164324
2293,3522,1.2893214309607974,0.6531718406679634,1.0,0.011649435830304124,0.010742351412773129,1418.7532651902334,1783.9818285065307,67.52002606334635,3.0,23.87267904509284,78.03476484861352,5466.5936892929885,4221.5052787206505,13691.575363323253,520.061518187164
2300,2442,1.2570866841932495,0.8319060154397615,1.0,0.017454384085489633,0.01454184763133526,1047.77067977068,1786.4176904176893,42.967991260000225,4.0,63.909774436090224,56.88476147155338,2181.5914064295152,3778.0310875387763,7969.487006692326,0.0
2310,3060,3.2312409974608785,0.9677886827977802,1.0,0.0135255672099994,0.012771801091730595,494.3281045751635,1781.2176470588233,70.74520605197856,2.0,16.122004357298476,79.39745394482739,2903.7978905507375,959.2660631535173,1811.2347760218631,104.7230843663669
2313,2620,1.8324907061958289,0.9166960496366076,1.0,0.011507550716926235,0.010971236974000927,555.6404580152675,1816.5118320610686,47.21686033616489,2.0,12.06896551724138,70.74520605197856,2125.2088623046875,1325.1676940917966,3841.961059570313,171.10140991210938
2315,5006,3.2472936177578493,0.9279400049529748,1.0,0.031706540655665465,0.01846341602504253,1619.720535357571,1785.9137035557328,64.32770150728378,3.0,23.992673992673996,109.79078609390528,3974.5767612913396,2218.523508334867,6983.863585903264,254.0096493752451
2318,662,1.1974815632049138,0.7085127301112248,1.0,0.02076780547463867,0.011535820551216602,399.5151057401813,1818.4441087613286,25.08947641821109,2.0,62.773722627737214,27.58941809235032,8218.307845744679,2697.9791389627662,8636.723736702128,233.4916005236037
2319,3542,2.4466896655580066,0.9657407779933141,1.0,0.011882487376326224,0.010971236974000927,1048.485883681536,1829.379728966685,42.967991260000225,3.0,44.13793103448275,45.35718547587776,3272.743183593342,3410.3275679289445,8509.934808976,389.783985271628
2320,1390,1.9873342557599576,0.9519709458621912,1.0,0.015551051141010772,0.01348897535353899,1906.0661870503595,1818.641007194245,92.86819331956444,1.0,11.440677966101697,100.35957807098741,5758.337413233716,2813.941334061564,10170.38071459754,444.5195633602994
2330,3757,3.601561548278148,0.975398338449218,1.0,0.015211937140568291,0.013809414580464365,1575.2760180995479,1832.4189512909252,64.32770150728378,3.0,35.11450381679389,72.54459918542862,2618.825713491199,2585.979123325381,6819.448904845815,268.51323768243407
2336,1973,1.5277319434640764,0.8897834459635054,1.0,0.019712289834458302,0.01825742051005364,876.6158134820071,1854.8631525595533,36.46011854369522,3.0,65.07352941176471,37.39466331897288,2291.365430364181,2338.196752489573,7242.9282157105945,166.72910789109469
2338,4300,3.028698983924063,0.9767738822893204,1.0,0.014218747063951438,0.012176699936389923,1724.7672093023248,1875.070930232558,58.535746456873724,3.0,21.730382293762574,93.77784267063835,2400.857275533113,2596.0272555102297,8319.978531493398,437.0848746966553
2339,4147,2.455752144134064,0.9630845124983892,1.0,0.012977564593200795,0.0117494473233819,1006.8953460332768,1847.4767301663856,45.35718547587776,4.0,39.61456102783727,55.411489648273786,3181.450881476151,2067.9404656661186,6955.281995271382,590.356138851768
2340,724,1.0998713997564022,0.6655803585393653,1.0,0.04180965685216165,0.01847867481410504,1335.705801104973,1855.8204419889503,57.80321381398985,1.0,18.38235294117647,59.25218382915676,2331.132549038894,832.0284963923393,3159.316834813399,126.962901822097
2343,3959,2.9507235337207383,0.977218781873818,1.0,0.011392180054526408,0.010650797747075558,643.9249810558226,1860.2063652437482,42.16047837373874,2.0,19.867549668874172,61.07126802381194,8641.194042520785,2219.8190626791857,5625.484098381952,446.147100606096
2352,2377,1.583968187867573,0.911258937226727,1.0,0.013325966502820738,0.012344548478722572,1475.7530500631046,1866.846445098864,86.23366319017853,1.0,9.318996415770608,88.44553165563728,4579.016152954922,1746.344135583574,6049.643825571276,467.6267182900508
2353,3546,3.1584465145872485,0.9847383078351504,1.0,0.012542425545307536,0.011673151515424252,181.75888324873085,1873.3313592780605,34.649595361798845,2.0,33.261339092872575,47.87050460333186,5920.471306297657,2636.8560842522493,9126.338175309611,455.78589879119295
2357,1550,2.5632411895653275,0.9763750360642348,1.0,0.014258985099713168,0.013443198055028915,764.1658064516128,1867.3922580645158,90.05131621820179,0.0,0.0,91.11489498306057,7383.328863042965,2390.475641876613,10356.3400172502,738.2945105671678
2358,2447,3.0736676310462205,0.9357397525844056,1.0,0.013284091759301056,0.011978331953287123,510.60318757662435,1899.0204331834889,50.989296042480966,1.0,16.957605985037407,93.48007799179392,2579.427113850911,1556.5060450235999,4951.294596354166,208.62076441446945
2360,2450,1.43205082643228,0.8378239875183061,1.0,0.01501082311555439,0.014114595018327238,852.738775510204,1883.6424489795922,37.39466331897288,2.0,55.73770491803279,51.55235711975068,2208.873651904902,879.7141599339888,3102.3729148721563,28.30407287235179
2365,2581,1.4491853633196328,0.8874857463662618,1.0,0.012551748735418113,0.011360341683030128,659.686168151879,1899.30995738086,42.16047837373874,2.0,46.075085324232084,50.99896199916246,4560.213012695313,2296.006493201623,6436.609262319712,121.76369593693659
2368,4061,2.123918032961972,0.9553410739909644,1.0,0.014058586753303048,0.012054627761244774,1689.1984732824426,1921.5606993351398,58.535746456873724,3.0,25.95936794582393,62.11176940566266,1783.3778618754095,2501.385044145437,6977.314901535151,383.50810035373877
2371,2678,3.6702674248340985,0.9807993245156121,1.0,0.013707211384058688,0.012573434039950373,147.35735623599703,1877.4701269604188,30.870470029336754,3.0,61.55606407322654,34.649595361798845,2979.638773050395,1757.5529917124154,6220.110155810107,446.3869421331733
2372,2993,1.4400554743706064,0.9034173658861164,1.0,0.014685465306394618,0.01348134595900774,1633.106582024725,1894.885399264952,59.38056213590062,3.0,37.828947368421055,62.11176940566266,1593.7384526500964,2732.426272875642,6326.876148798695,301.13383964643083
2377,2914,1.2935301770883492,0.8703337018151834,1.0,0.015580513997817784,0.015030136331915855,1137.7872340425529,1907.3980782429653,53.99572383977682,2.0,42.474916387959865,62.221757984867104,2705.4732421875,1768.344140625,5098.0072265624985,289.19432373046874
2378,2490,1.3676308112550293,0.8827364173784958,1.0,0.012207671115922941,0.010879682376980782,1199.9951807228922,1906.0871485943776,62.221757984867104,1.0,18.315018315018314,68.02089621397747,5819.229449046185,3683.667467722452,12669.136228507781,1206.77993762158
2381,2211,1.3862668823785187,0.6967648391934678,1.0,0.013087175265443184,0.012115663848817348,610.0502035278155,1911.02170963365,50.99896199916246,2.0,26.623376623376625,61.07126802381194,6179.470751797372,3142.376093474801,10980.819333404086,554.6421721048295
2383,2373,1.7267645105399168,0.937894828027918,1.0,0.012851240956395223,0.0120088504627347,1024.9329962073325,1899.870206489676,55.411489648273786,2.0,29.20962199312715,63.02382054739292,3457.595194139245,3068.807075419611,7216.631100927561,342.88562292092263
2388,2609,2.8068235519932347,0.9703967049633566,1.0,0.013918392073567248,0.01255054585635662,7.157531621310682,1910.5254886929852,31.165121871399922,1.0,33.06878306878307,79.72771062011171,2392.970935602856,1229.80460547186,3070.9935123905257,0.0
2389,3107,3.74662260631376,0.989169835506539,1.0,0.013067960055856113,0.012077515944838524,836.014161570647,1932.4065014483422,51.55235711975068,3.0,39.7752808988764,66.34293743470921,3737.371086285556,2254.6691927076417,7138.886064599021,277.12109277032823
2393,3600,3.405326499420678,0.9834897747250418,1.0,0.015334274419324681,0.014206149615347384,1574.5869444444452,1904.9602777777777,59.38056213590062,3.0,42.857142857142854,61.50818625699069,2476.332120643906,3489.9421850911394,12009.816875526432,186.2758154450101
2395,1976,1.2270835317921929,0.8335106161094019,1.0,0.02165161007341292,0.016189822927117348,240.43218623481812,1935.3825910931168,83.81129772944956,2.0,19.026548672566367,85.39854713672355,7489.753265709005,1794.7443414503527,7874.148868027552,0.0
2402,4072,4.568939402769557,0.9335334037952884,1.0,0.0135733834861216,0.013015945442020891,1372.4597249508843,1902.2959233791748,59.25218382915676,2.0,15.992970123022847,79.64078557005939,2775.928944370818,2031.2661096171848,5842.981993139447,202.57526937628845
2404,4187,1.6176224870857625,0.9040437100098878,1.0,0.014336224738130328,0.013641566038131714,1091.663959875806,1935.4726534511583,53.99572383977682,4.0,41.27358490566038,57.56152810346671,2371.47998046875,2525.054931640625,9159.8671875,405.6765441894531
2405,2848,3.0941829250229973,0.9376999987681308,1.0,0.015485148062325196,0.014038300141692163,1512.1207865168544,1945.036165730337,73.77848483644607,1.0,10.70615034168565,74.21655934776776,3061.551019676445,2443.7849432240773,7181.582451180658,394.57761935998633
2406,2312,1.9001668714498137,0.918662038403632,1.0,0.013010019065480305,0.0120393680408597,1438.3685121107264,1947.002595155709,55.12940596500281,2.0,28.22822822822823,73.77848483644607,4555.095083383413,1604.7807875413162,6654.808241624097,488.8068642249473
2413,3147,1.81934430498632,0.7231840877045536,1.0,0.0138972064271252,0.013122758828103542,774.7604067365746,1957.8891007308557,47.342078918339176,3.0,26.96629213483145,66.34293743470921,2324.553536431486,2537.3571466924395,8918.630785545532,370.2250785696546
2418,2886,1.1625589245938421,0.7963989091929276,1.0,0.015461328302910882,0.01461814343929291,1040.0939015939016,1961.0433125433124,57.56152810346671,3.0,36.23693379790941,63.02382054739292,5344.531321692088,5114.278731088789,17428.464649987596,1194.7454121907554
2423,5468,1.4222247574996447,0.8999250293319194,1.0,0.014633859770717244,0.013641566038131714,1292.879663496708,1973.8220555961962,67.25219333532661,6.0,72.17194570135747,74.64658619537414,2677.0991497265736,3069.8816893312487,7422.176428901675,354.94793763467345
2426,2646,1.559592074356615,0.9193926844145116,1.0,0.013564936100073772,0.012603952549397944,732.1466364323505,1978.5128495842791,47.342078918339176,2.0,40.531561461794034,62.87106741982773,4542.130962082435,3490.6909053407867,10836.229552801724,623.7887476427801
2428,3053,11.110865408056624,0.9969892849969899,1.0,0.011559106542704742,0.010589761659502985,493.5129380936785,1997.6462495905657,56.27703447490636,3.0,5.614973262032086,100.09559575401792,5570.461240839456,1238.590280592032,4182.985234299736,199.13264997640675
2430,4393,1.5899310875429893,0.9103243592031048,1.0,0.017939806039193457,0.015747310593724254,1627.1773275665832,1993.8213066241747,42.506904056761535,2.0,26.329113924050635,94.3886972033943,3915.0614345402473,4832.586480220238,15112.809676026145,739.4133756491698
2431,2707,10.294485503027984,0.9852276582131024,1.0,0.011399295542968521,0.010605020448565485,318.76763945326934,1981.9113409678607,62.58554725653904,0.0,0.0,91.11184223714649,5569.337276998564,731.6155277249848,3723.609601954704,0.0
2437,4296,1.635762298510384,0.9315432392511421,1.0,0.014691429733848496,0.014099336229264738,1405.644553072625,1991.3691806331472,50.4188772735252,4.0,75.06172839506173,55.12940596500281,2095.5978393554688,4223.857543945313,9281.2890625,325.3312530517578
2439,4520,1.2687695657502651,0.8317195344540723,1.0,0.01482297520738392,0.012497139163315296,1196.3641592920353,1974.0110619469042,68.02089621397747,2.0,39.67828418230563,71.80514708417729,3846.8997333906486,3517.012696473205,10612.334023754376,396.339993299998
2440,2482,5.441421932176975,0.9652180785964292,1.0,0.011614415081297434,0.011230640113353728,631.860596293312,1994.0926672038677,59.48050667254082,2.0,10.759493670886075,73.0657690407111,3825.3113527271253,844.1458502435063,5437.8054204347745,180.58255123782467
2461,2098,6.981462020576773,0.9828740973421148,1.0,0.0113850123634308,0.010757610201835629,973.0705433746425,1982.7283126787406,70.44408972980406,3.0,9.710743801652892,79.20411677472373,4723.369537676293,1904.8655275210642,5552.480230385335,153.78144304684798
